global_step,elapsed_s,replay_total_steps,trainer_total_samples,global_sps
3,17.20772123336792,145,24,8.42644984966556
5,17.694864749908447,167,40,45.16122919223895
8,18.28081512451172,184,64,29.012695847340595
