global_step,elapsed_s,replay_steps,trainer_samples,sps
2,17.423921823501587,77,16,4.41921174692953
4,17.85844659805298,82,32,11.50682375973167
6,18.186882495880127,86,48,12.178936670635036
