global_step,elapsed_s,replay_total_steps,trainer_total_samples,global_sps
2,19.426653623580933,161,16,8.287582777744648
4,20.016899824142456,185,32,40.66099871065311
6,20.539344310760498,204,48,36.367500254416235
