global_step,elapsed_s,replay_steps,trainer_samples,sps
2,21.473742485046387,66,16,3.0735210709525944
4,21.931286334991455,71,32,10.927914342199744
6,22.31675124168396,77,48,15.56561932312648
